Company Name, Email, Website, telephone, Fax
A Karpat Ltd, info@akarpat.com, http://www.akarpat.com/, +1 514 735 4581, +1 514 735 7172
ABZ (Shanghai) Smart Tech. Co. Ltd., info@abz-sh.com, http://www.hosnglobe.com/, +86 21 50851505, NaN
ACIMAF, NaN, http://www.acimaf.com/, +39 02 5412-5301, +39 02 5412-0825
ACOTEQ GmbH, wida@acoteq.com, http://www.acoteq.com/,  +49 241 9520 1391, NaN
Acuity Products Limited, tony.hepton@acuityproducts.co.uk, http://www.acuityproducts.co.uk/, +44 (0)1745 535237, NaN
AEI Compounds Ltd, sales@aeicompounds.co.uk, http://www.aeicompounds.com/, +44 1304 616171, +44 1304 616170
AESA Cortaillod, jlallmann@aesa-cortaillod.com, http://www.aesa-cortaillod.com/, +41 32 843 0392, +41 32 842 4865
AFH-Antriebstechnik GmbH, eckert@afh-belt.de, http://www.belting-association.de/,  + 49 2151 542 887, NaN
Ajex & Turner Wire Dies Co, sales@ajexturner.com, http://www.ajexturner.com/, +91 11 2742 7994, +91 11 2745 2640
Aleados del Cobre S.A., alecosa@alecosa.es, http://www.alecosa.es/, +34 977 613025, +34 977 613793
Aliaj Fanar Omid Industrial Co, info@aliajfanar.com, http://www.aliajfanar.com,  +98 21 882 11 564, NaN
Alloy Wire International, sales@alloywire.com, http://www.alloywire.com/, +44 1384 566775, +44 1384 410074
Ambrell Ltd, smiller@ambrell.com, http://www.ambrell.com, NaN, NaN
Anglia Metal Ltd, sales@angliametal.com, http://www.angliametal.com/, +44 1924 223 744, +44 1924 220 098
Associated Engineers & Industrials Ltd, info@aeimachines.com, http://www.aeimachines.com/, +91 145 244 0125, +91 145 244 0126
August Strecker GmbH & Co KG, strecker@strecker-limburg.de, http://www.strecker-limburg.de/,  +49 6431 9610 0,  +49 6431 44221
Australasian Wire Industry Association, malcolm@wireassociation.com.au, NaN, +61 2 9484 9856 , +61 2 9875 5413 
Aversion Technologies Europe S.L, info@akarpat.com, http://www.aversiontech.com, +34 935 247 747, NaN
Aymak Makine Mühendislik Hizmetleri ve San. Tic. Ltd. Şti., info@aymakmakine.com, http://www.aymakmakine.com/, +90 216 622 3281 , +90 216 620 9786 
Badger Wire, wiresales2144@badgerwire.com.au%20, http://www.badgerwire.com.au/,  +61 2 9644 2390,  +61 2 9645 2535
Balloffet SA, balloffet@balloffetdie.com, http://www.balloffetdie.com/, +33 474 40 1900 , +33 474 35 7901 
Bar Products & Services Ltd, info@barproductsandservices.com, http://www.barproductsandservices.com/, +44 1274 693249 , +44 1274 693254 
BASEC, mail@basec.org.uk, http://www.basec.org.uk, +44 (0)1908 267300, +44 (0)1908 267255
BB Spring Technology , NaN, NaN, NaN, NaN
Bonakdar Ind & Com Group, info@bicg.ir, http://www.bicg.ir,  +98 21 74505, NaN
Bongard Machines GmbH & Co KG, info@bongard.de, http://www.bongard.de/, +49 2378 9155, +49 2378 915300
Bridon International Ltd, Dinesh.Ram@bridon-bekaert.com, http://www.bridon-bekaert.com,  +44 1302 565 100,  +44 1302 565 190
British Diamond Wire Die Co Ltd, guide_die@bdwd.freeserve.co.uk, NaN, +44 1202 745104, +44 1202 746125
BWE Limited, NaN, http://www.bwe.co.uk/, +44 1233 627 736, +44 1233 630 670
Cable Tapes UK Ltd, sales@cabletapesuk.com, http://www.cabletapesuk.com/, +44 161 740 9503, +44 161 740 5441
Calmec Precision Ltd, pc@calmec.net, http://www.calmec.net/, +1 905 677 7976, +1 905 677 4766
Cape Gate (Pty) Ltd, bassonf@capegate.co.za, http://www.capegate.co.za/, +27 16 980 2121, +27 16 980 2556
Carl Bechem GmbH, hofmann@bechem.de, http://www.bechem.com/, +49 2331 935 0, +49 2331 935 1189
Ceeco Bartell Products, tmurphy@bartellmachinery.com, http://www.bartellmachinery.com/, +1 315 336 7600, +1 315 336 0947
Cemanco LC, sales@cemanco.com, http://www.cemanco.com/, +1 954 970 3099, +1 954 970 3056
Central Wire Industries UK Ltd, info@hempel-wire.co.uk, http://www.centralwire.co.uk/, +44 1709 537 035, +44 1709 537 099
CeramTec GmbH, d.mangold@ceramtec.de, http://www.ceramtec.com/, +49 7153 611 724, +49 7153 611 601
Chaplin Bros (Birmingham) Ltd, info@chaplin-wire.co.uk%20, http://www.chaplin-wire.co.uk/,  +44 121 378 0565,  + 44 121 378 0157
Chemetall Ltd, ukinfo@chemetall.com, http://www.chemetall.com/, +44 1908 649333, +44 1908 373939
Cimteq Ltd, amanda.shehab@cimteq.com, http://www.cimteq.com/, +44 1978 664215, NaN
Commission Brokers Inc, marty137@aol.com, http://www.commissionbrokers.com/, +1 401 943 3777, +1 401 943 3670
Condat Limited, sales@condatlimited.co.uk, http://www.condat.fr/, +44 1302 770088, +44 1302 770776
Consultex Sp. z.o.o., consultex@sz.onet.pl, http://www.consultex.pl/, +48 91 486 16 18, +48 91 486 16 09
Control and Power Engineering Ltd, capeuk@aol.com, NaN, +44 1427 891 256, +44 1427 891 307
Copperweld Bimetallics UK Ltd, bmcnamara@fushicopperweld.com, http://www.copperweld.com/, +44 1952 586 771, +44 1952 680 058
CRU Events, sales@crugroup.com, http://www.crugroup.com/, +44 20 7903 21545, +44 20 7837 0976
CSM Metalurji Imalat Sanayi Ve Mühendislik Ltd sti, info@csmmetal.com.tr, http://www.csmmetal.com.tr/, +90 212 858 1806, +90 212 858 1807
Danross Engineering, ahmet.taphasan@csmmetal.com.tr, http://www.danrossengineering.co.uk/, +44 1204 840667, +44 1204 844042
De Montfort University, pkang@dmu.ac.uk, http://www.dmu.ac.uk/,  +44 116 207 8089, NaN
Deutsches Kupferinstitut Berufsverband e. V., michael.sander@copperalliance.de, https://www.kupferinstitut.de/, +49 (0) 211 4796-313, +49 (0) 211 4796 310
DLB GmbH, info@dlb-gmbh.de%20, http://www.dlb-gmbh.de/, +49 (0)30 / 25 208-300,  +49 (0)30 / 25 208-309
Dongguan XinMei Precise Mold Co Ltd, webmaster@dg-xinchang.com%20, http://www.dg-xinchang.com/,  +86 769 8561 9818,  +86 769 8561 9815
Drahtwerk Waidhaus GmbH, heigel@drahtwerk-waidhaus.de, http://www.drahtwerk-waidhaus.de/, +49 9652 188 135, +49 9652 188 111
DRT Impianti S.R.L., info@drtimpianti.com, http://www.drtimpianti.com/, +39 035 203 244, +39 035 690 203
DSE Test Solutions A/S, wip@dse.dk, http://www.dse.dk/, +45 75 61 8811, +45 75 61 5895
DUCAB, andrew.shaw@ducab.com, http://www.ducab.com,  +971 2 501 4320,  +971 2 550 0979
EDER Engineering GmbH, office@eder-eng.com, http://www.eder-eng.com/, +43 1 367 49 49, +43 1 367 49 49 49
EFD Induction a.s., wire@efd-induction.com, http://www.efd-induction.com,  +47 3550 6195, NaN
EJP Maschinen GmbH, info@ejpmachines.com, http://www.ejpmachines.com/,  + 49 2401 95410,  + 49 2401 954199
Er-Bakir Elektrolitik Bakir Mamulleri AS, erbakir@erbakir.com.tr, http://www.erbakir.com.tr/, +90 258 295 1900, +90 258 371 2194
Eurobend GmbH, eurobend@otenet.gr, http://www.eurobend.com/, +49 911 9498 980, NaN
Eurotek S.R.L., marketing@eurotek-italy.it%20, NaN,  +39 0872 725 810,  +39 0872 725 813
FH Machinery, sales@fhmachinery.com, http://www.fhmachinery.com/, +1 215 355 6641, +1 215 355 6691
FIB Belgium s.a., info@fib.be, http://www.fib.be/, +32 2 332 1717, +32 2 376 3711
Fisk Alloy Conductors BVBA, ppanaget@fiskalloy.com, http://www.fiskalloy.com/, +32 3 449 7600, +32 3 449 0419
FMS Force Measuring Systems AG, info@fms-technology.com, http://www.fms-technology.com/, +41 44 852 8080, +41 44 850 6006
Fort Wayne Wire Die Inc, sales@fwwd.com, http://www.fwwd.com/, +1 260 747 1681, +1 260 747 4269
Foxton Dies Ltd, post@foxtondies.com, http://www.foxtondies.com/, Tel: + 44 1274 874 422,  + 44 1274 862 218
Frontier Composites & Castings, info@frontiercomposites.com, http://www.frontiercomposites.com/, +1 905 685 3633, +1 905 685 3482
FUCHS Lubricants (UK) Plc, ukwebsite@fuchs-oil.com, http://www.fuchslubricants.com/,  +44 (0) 1782 203 700,  +44 (0) 1782 202 072
G & A Engineering Ltd, bmcnamara@fushicopperweld.com, http://www.dies4industry.co.uk/, +44 1942 608677, +44 1942 608677
Gauder Group, gauder@gaudergroup.com, http://www.gaudergroup.com/, +32 4 367 8787, +32 4 367 8798
Geca-Tapes bv, info@geca-tapes.com, http://www.geca-tapes.com/, +33 328 437458, +33 328 437463
Gem Gravure Co. Inc., rkrogman@gemgravure.com, http://www.gemgravure.com/,  +1 781 878 0456,  +1 781 871 2753
GEO Reinigungstechnik GmbH, info@geo-reinigungstechnik.de, http://www.geo-reinigungstechnik.de/, +49 2542 9555 290, +49 2542 9955 291
Golden Technologies Wire & Cable Equipment Co.Ltd, info@akarpat.com, http://www.gtcablemachine.com%20, +86-769-83713086, +86-769-83713085
Goodwin Machinery Ltd, sales@goodwinmachinery.co.uk, http://www.goodwinmachinery.co.uk/, +44 1204 534414, +44 1204 534415
Guidetti Srl, info@guidettisrl.com, http://www.Guidettisrl.com/,  +39 051 6858 511,  +39 051 972 099
GURFIL Sanayi ve Elektronik Cih. Paz. AS, murat@gurfil.com, http://www.gurfil.com/, +90 212 886 8618, +90 212 886 8629
Gwo-lian Machinery Industry Co, sales@gwolian.com, http://www.gwolian.com/, +886 7 951 8899/5858, +886 7 951 8866
H&R ChemPharm (UK) Limited, info@hur.com, http://www.hur.com, +44 121 582 0100, NaN
H. Folke Sandelin AB, hfsab@hfsab.com, http://www.hfsab.com/,  +46 141 20 36 30,  +46 141 20 36 39
Hafner & Krullmann GmbH, info@hafner-spools.com, http://www.hafner-spools.com/,  +49 (0) 5208 7004-0,  +49 (0) 5208 7004-155
Hans Schmidt & Co GmbH, info@hans-schmidt.com, NaN, +49 8638 94100, +49 8638 4825
HB Cables & Components Ltd, Philip@hbcables.com, http://www.hbcables.com/, +44 1279 647766, +44 1279 813316
Heda Industrial Co. Ltd, sales@comsuctech.com, http://www.comsuctech.com, +86 21 5109 5938, +86 21 5169 3758
Heinze & Streng GmbH, dennis.heinze@heinze-streng-gmbh.de, http://www.heinze-streng-gmbh.de/, +49 647 691 510, +49 647 691 5151
Hipo Electrix Science & Technology Co. Ltd, info@akarpat.com, http://www.hipo-electrix.com, +8621 37519670, +8621 37519676
Holton Crest Ltd, info@holtoncrest.com, http://www.holtoncrest.com/, +44 1202 681 501, +44 1202 681 502
Huestis Industrial, jsnee@huestis.com, http://www.huestis.com/, +1 401 253 5500, +1 401 253 7350
Huntstar Trading Ltd, jsnee@huestis.com, http://www.huntstar.co.uk/, +44 161 888 2169, +44 161 888 2315
ICE Wire Line Equipment Inc, icegroup@bellnet.ca, http://www.icewireline.com/, +1 514 388 2020, +1 514 388 5835
Inductotherm HWT - Radyne, %20info@inductothermhw.co.uk, http://www.inductothermhw.co.uk, +44 1256 335533, +44 1256 467224
Innovites B.V., info@innovites.com, http://www.innovites.com/, +31 888 8500 0150, +31 854 3185 41966
Institute of Spring Technology Ltd, ist@ist.org.uk, http://www.ist.org.uk/, +44 114 276 0771, +44 114 252 7997
Integer Research Ltd an Argus Media Company, philip.radbourne@integer-research.com, http://www.integer-research.com/, +44 (0)20 7780 4200, NaN
Interlink Import-Export Ltd, peter@interlink.uk.com, http://www.interlink.uk.com/, +44 1257 463211, +44 1257 464220
International Trade Shows Link Ltd, info@itsluk.com, http://www.itsluk.com/, +44 1564 781 871, NaN
Intras Limited, intras@intras.co.uk, http://www.intras.co.uk/, +44 1926 334137, +44 1926 314755/316788
Itaya Europe limited, itaya-ee@itaya.co.jp, NaN,  +44 1789 400 828,  +44 1789 400 886
JG Tec Ltd, john@jgtec.fsnet.co.uk, NaN, +44 1928 731133, +44 1928 731144
Jiangsu Handing Machinery Co Ltd, export@hdxljx.com, http://www.hdxljx.com/, +86 519 8623 0798, +86 519 8649 0700
Jiangsu Hongtai Stainless Steel Wire Rope Co Ltd, info@akarpat.com, http://www.cccme.org.cn, +8652383775907, NaN
Jina Special Steel Works Pvt Ltd, jsswbgm@dataone.in, http://www.jinaspecialsteel.co.in/,  + 91 831 2414 200,  + 91 831 2414 115
John Binns & Son (Springs) Ltd, info@akarpat.com, http://www.jbsprings.co.uk, +44 (0) 1756 797 979, NaN
Kabel.Consult.Ing, info@akarpat.com, http://www.kabelconsulting.de, NaN, NaN
Kay Pee Dies India Pvt Ltd, info@akarpat.com, http://www.kaypeedies.com, +9101203297194, NaN
Kelani Cables PLC, mahinda@kelanicables.com, http://www.kelanicables.com/, +94 11 743 4400, +94 11 743 4485
Key Rate International Co. Ltd, info@akarpat.com, NaN, NaN, NaN
KIESELSTEIN International GmbH, info@kieselstein-group.com, http://www.kieselstein-group.com/, +49 371 910 4100, +49 371 910 4105
Knight Precision Wire Limited, kpw.sales@knight-group.co.uk, http://www.knight-precision-wire.co.uk/,  +44 1707 645 261,  +44 1707 649 225
Koner SpA, tktgroup@tin.it, http://www.tktgroup.it/, +39 02 545 6396, +39 02 545 5832
LA. M. PLAST S.A.S., lamplast@lamplast.it, http://www.lamplast.it/,  +39 0362 353 722,  +39 0362 852 409
Langfang Xinming Cable Machinery Industry Co Ltd, xinming@xinmingcn.com, http://www.xinmingcn.com,  +86 159 1066 8398, NaN
Lanka Special Steels Limited, info@akarpat.com, https://www.google.co.uk/search?q=lanka+special+steels+ltd&oq=lanka+special+&aqs=chrome.0.0j69i60j69i57j0l3.1695j0j4&sourceid=chrome&ie=UTF-8, NaN, NaN
Lantor BV, info@lantor.com, http://www.lantor.com/,  +31 318 537 111, NaN
Leoni , general@temco.co.uk, http://www.leonitemco.com/, +44 1594 823115, +44 1594 823691
Lewis Wire Limited, sales@lewiswire.co.uk, http://www.lewiswire.co.uk/,  +44 1143 271 900,  +44 1143 271 770
Locton Ltd, sales@locton.co.uk, NaN, +44 1527 570 977, +44 1527 882 423
Lune CHF GmbH, info@lune-chf.com, http://www.lune-chf.com/, +492824 96 17 161, +492824 96 17 162
Madem SA Ind E Com de Madeiras, leandro@madem.com.br, http://www.madem.com.br/, +55 54 3462 5600, +55 54 3462 5900
Maillefer Extrusion Oy, info.finland@maillefer.net, http://www.maillefer.net/, +358 9 88 665 600, +358 9 88 665 771
Manentimacchine Srl, info@manentimacchine.it, http://www.manentimacchine.com/, +39 030 2524627, +39 030 2524640
Marldon Group Limited, sales@marldon.com, http://www.marldon.com/, +44 870 90 70017, +44 870 90 70016
Maschinenfabrik Niehoff GmbH & Co KG, info@niehoff.de, http://www.niehoff.de/, +49 91 22977 0, +49 91 22977 155
Mathiasen Machinery Inc, mmi@mathiasen-machinery.com, http://www.mathiasen-machinery.com/, +1 860 873 1423, +1 860 873 8866
Medek & Schörner GmbH, w.lichtscheidl@medek.at, http://www.medek.at/, +43 2245 4694-100, +43 2245 4694-900
Meisenbach GmbH, wire@meisenbach.de, http://www.umformtechnik.net/, +49 951 861 118, +49 951 861 161
Metalube Limited, post@metalube.co.uk, http://www.metalube.co.uk/, +44 161 775 7771, +44 161 775 7511
Microdia SA, infos@microdia.ch, http://www.microdia.ch/, +41 24 447 3500, +41 24 445 1228
Mikrotek Machines Ltd, mmmmm@vsnl.com, http://www.mikrotekind.com/, +91 80 2362 3090, +91 80 2362 1769
Mittal Steel Kent Wire Ltd, phil@kwil.co.uk, NaN, +44 1634 830 964, +44 1634 830 967
MSS Products Ltd, enquiries@mssproducts.com, http://www.mssproducts.com,  +44 (0)161 7039 990,  +44 (0)161 7039 991
Nanjing Zhongchao New Materials Corporation, zcnewmatrerials@163.com%20, http://www.zcnewmaterials.com/,  +86 25 6861 8183,  +86 25 6861 8143
Nano-Diamond America Inc, admin@nano-die.com, http://www.nano-die.com/, +1 434 220 0435, +1 434 220 0475
NDC Technologies Ltd, enquiries@ndcinfrared.co.uk, http://www.ndc.com/betalasermike/, +44 1621 852 244, +44 1621 856 180
NeoFil Ltd, stephen@neofilconsulting.com, NaN, +44 131 208 2965, +44
Nexans Deutschland GmbH Machines & Cryogenic Systems, uniwema.tech@nexans.com, http://www.nexans.de/mcs, +49 511 676 2749, +49 511 676 3777
Ningbo Kaite Machinery Co Ltd, kaite@kaite-machine.com, http://www.kaite-machine.com/, + 86 574 6552 8932, + 86 574 6556 2620
NOTA Zaklad Mechaniki Precyzyjnej, nota@nota.pl, http://www.nota.pl/, +48 81 444 1125, +48 81 444 1125
NV Bekaert SA, %20info@bekaert.com, http://www.bekaert.com/,  +32 5676 7055,  +32 5676 7038
OMA, oma@omabraid.it, http://www.omabraid.com/, +39 039 6251132, +39 039 6084571
Ormiston Wire Ltd, info@ormiston-wire.co.uk, http://www.ormiston-wire.co.uk/, +44 20 8569 7287, +44 20 8569 8601
P F Consultants, paulfree@outlook.com, NaN, +44 1772 745 426, NaN
Pamica Group Ltd , info@akarpat.com, http://www.pamica.com, +86-715-4337388, +86-715-4354338
Pan Pioneer Co. Ltd., info@akarpat.com, http://www.pan-pioneer.com, +886-3-4604789, +886-3-4604788
Peddington Lubricants & Coatings Pvt. Ltd, info@akarpat.com, http://www.peddingtonlubricants.com, +91 22 24910912, NaN
Pentre Group Ltd, sales@prentregroup.com, http://www.pentregroup.com/,  + 44 1942 676 331,  + 44 1942 261 878
Permanoid Ltd, sales@permanoid.co.uk, http://www.permanoid.co.uk/, +44 161 205 6161, +44 161 205 9325
PEXTRUSION Ltd., info@akarpat.com, NaN, +44 (0)7785 334977, +44 (0)1732 764965
Plasmait GmbH, info@plasmait.com, http://www.plasmait.com/, +43 3182 524 750, +43 3182 524 754
Pneuform Machines Ltd, mw@pneuform.com, http://www.pneuform.com/, +44 1252 376448, +44 1252 376447
Premier Cables (Pty) Ltd, shoaib@premiercables.net, http://www.premiercables.net/, +92 21 3439 7771, +92 21 3439 7779
Pressure Welding Machines Ltd (PWM), pwm@btinternet.com, http://www.pwmltd.co.uk/, +44 1233 820847, +44 1233 820591
Proton Products International Ltd, p.sives@protonproducts.com, http://www.protonproducts.com/, +44 1494 670 606, +44 1494 670 808
Prysmian Group, cables.marketing.uk@prysmiangroup.com, http://www.prysmiangroup.com/,  +44 2380 295 328,  + 44 2380 295 335
PS Costruzioni Meccaniche Srl, ps@pscostruzioni.com, http://www.pscostruzioni.com/, +39 039 689 8763, +39 039 689 8769
Q8Oils, wire@Q8Oils.com, http://www.q8oils.com/, +44 113 235 1904, +44 1484 228484
QED Wire Lines Inc, sales@qedwire.com, http://www.qedwire.com/, +1 450 458 1200, +1 460 458 0200
Qingfeng Electrical Technology (Hong Kong) Co Ltd, txm_qf@163.com, http://www.qfcablemc.com/,  +852 2537 4840,  +852 2522 7668
Queins Machines GmbH, info@queins.com, http://www.queins.com/, +49 2472 8080, +49 2472 3014
Qunye Electrical Co Ltd, qunye@qunye.com.cn, http://www.qunye.com.cn/, +86 514 8738 7009, +86 514 8738 3456
Rautomead Limited, sales@rautomead.com, http://www.rautomead.com/, +44 1382 622341, +44 1382 622941
Ravicab Cables Private Limited, info@akarpat.com, http://www.ravicab.com, +91 80 2669 8446, +91 80 2974 0110
Reb Mech Pvt Ltd, info@akarpat.com, http://www.rebmech.com, NaN, NaN
Reber Systematic GmbH, sales@rautomead.com, http://www.resy-filtration.com/, +49 7121 94830, +49 7121 948338
REDIES Deutschland GmbH & Co. KG, NaN, http://www.redies.com/en/en_index.php?lang=en,  +49 241 504222,  +49 241 5152305
Reelex Packaging Solutions Inc, sales@reelex.com, http://www.reelex.com/, +1 845 878 7878, +1 845 878 7884
RichardsApex , sales@richardsapex.com, http://www.richardsapex.com/, +1 215 487 1100, +1 215 487 3090
Ridgway Machines Ltd, sales@ridgwayeng.com, http://www.ridgwayeng.com/, +44 116 289 9199, +44 116 289 9147
RK Umformtechnik GmbH & Co KG, riedel@rk-umformtechnik.de, http://www.rk-umformtechnik.de/, +49 277 2583 5313, +49 277 2583 5310
Roblon A/S, info@roblon.com, http://www.roblon.com/, +45 96 20 3300, +45 96 20 3399
Rollring Industries , info@akarpat.com, http://www.rollring.com, +918033016373, NaN
Rosendahl Nextrom GmbH, office.austria@rosendahlnextrom.com, http://www.rosendahlnextrom.com/, +43 3113 5100-0, +43 3113 5100-59
Sanxin Wire Die Inc, admin@sanxinamerica.com, http://www.sanxinamerica.co/, +1 434 906 2340, +1 434 973 6622
Sarkuysan Elektrolitik Bakir San ve Tic AS, info@sarkuysan.com, http://www.sarkuysan.com/, +90 262 676 6667, +90 262 676 6688
Scapa UK Ltd, sales@scapa.com, http://www.scapa.com, +44 161 301 7424, +44 161 301 7445
Scott Precision Wire Ltd, sales@scottprecisionwire.com, http://www.scottprecisionwire.com/, +44 161 998 5533, +44 161 946 0538
Shanghai Geili Precision Dies Co Ltd, sales@geilivable.com.cn, http://www.geilivable.com.cn/,  +86 21 5769 9293,  +86 21 5765 8393
Shanghai JNL Industry Co. Ltd, manager@shjnl.com, http://www.shjnl.com,  +86 21 6658 1267,  + 86 21 6658 1237
Shanghai Kechen Wire & Cable Machinery Co Ltd, yangchi1120@hotmail.com, NaN, +86 21 3156 2614, +86 21 5165 1785
Shanghai Singcheer Technology Co Ltd, market.li@singcheer.cn, http://www.singcheer.cn/, +86 21 3127 1919, +86 21 3127 1313
SHI Kabel GmbH & Co KG, birgit.krzyzanski@shi-gruppe.de, http://www.shi-kabel.de,  +43 2234 72971,  +49 821 748 26 33 28
SI Interline, sales@cableprod.ru, http://www.cableprod.ru/,  +7 495 987 3454,  +7 495 987 3454
SIEBE Engineering GmbH , vkde@siebe.de, http://www.siebe.de/, +49 2683 30030, +49 2683 300333
Sikora AG, sales@sikora.net, NaN, +49 421 48900 0, +49 421 48900 90
Simplex Rapid s.r.l., info@simplexrapid.it, http://www.simplexrapid.it/, +39 0298 281 751, +39 0298 281 738
Sinoleader Industries Group Co Ltd, info@sinoleader.com, http://www.sinoleader.com,  +86 21 6484 9030,  +86 21 5425 9031
SKET Verseilmaschinenbau GmbH, info@sketvmb.de, http://www.sketvmb.de/, +49 391 40558 0, +49 391 40558 15
Smeets S.A. - Loypos, smeets@smeets1921.be, http://www.loypos.com/, +32 2-377-1140, +32 2-377-2407
Sneham International, info@snehamtapes.com, http://www.snehamtapes.com/, +91 831 244 1847, +91 831 244 2302
South African Wire Association, sawa@sawa.co.za, http://www.sawa.co.za/, +27 11 455 3228, +27 11 455 4277
Spring Tooling Ltd, john@stanawaywireconsulting.com, http://www.spring-tooling.co.uk/, +44 1527 876 412, +44 1527 878 990
Stonepark Consultancy Ltd, stephen@steelwireeurope.com, http://www.stonepark.co.uk/, +44 1302 539527, +44 1302 539527
Stride Supplies Ltd, info@stride-supplies.co.uk, http://www.stride-supplies.co.uk/, +44 1527 500 170, +44 1527 505 655
Supermac Industries India Ltd, sales@supermacindia.com, http://www.supermacindia.com/, +91 12 4229 1417, +91 11 2579 8674
T Fukase & Company Ltd, fukaseco@ja2.so-net.ne.jp, http://www.fukase.co.jp/, +81 43 276 0630, +81 43 276 0463
T M Associates, NaN, NaN, +44 151 426 4488, +44 151 426 5310
TapeFormers Ltd, info@tapeformers.com, http://www.tapeformers.com/, +44 1509 768186, +44 1509 768287
Techna International Ltd, sales@techna.co.uk, http://www.techna.co.uk/, +44 1923 222227, +44 1923 219700
Techno Commerce Ltd, m.hadge@techno-commerce.com, http://www.techno-commerce.com/, +44 121 270 6583, +44 121 270 6586
Technokabel SA, export@technokabel.com.pl, http://www.technokabel.com.pl/, +48 22 516 97 77, +48 22 516 97 87
The Worshipful Co of Tin Plate Workers Alias Wire Workers, j.swain@gripple.com, http://www.tinplateworkers.co.uk/, +44 114 235 1319, +44
Thompson & Hudson Wire Machinery, sales@thompsonandhudson.co.uk, http://www.thompsonandhudson.co.uk/, +44 1484 715129, +44 1484 717026
Tianjin Huayuan Times Metal Products Co Ltd, danielbdeutsch@icloud.com, http://www.huayuanwire.com/,  + 1 646 924 1692,  + 1 516 203 7497
TRAXIT International GmbH, info@traxit.de, http://www.traxit.com/, +49 2336 919100, +49 2336 91910
Troester GmbH & Co KG, info@troester.de, http://www.troester.de/, +49 511 87040, +49 511 864028
U-Gear Group, ugear999@gmail.com, http://www.ugear-group.com, +886 2 2249 0999, +886 2 2240 5083
Uhing GmbH & Co. KG, info@uhing.com, http://www.uhing.com/,  +49 4347 906-0,  +49 4347 906-40
UL International (France) SA, david.cavassa@ul.com, http://www.ul.com/,  +33 666 013 192, NaN
University of Southampton, NaN, http://www.highvoltage.ecs.soton.ac.uk/, +44 2380 593 429, +44 2380 593 709
Uniwire Ltd, info@akarpat.com, http://www.uniwire.co.uk, +44(0)1666 505 382, +44(0)1666 502 187
UNTEL KABLO A.S., info@untel.com.tr, http://www.untel.com.tr/,  +90 262 722 9330, +90 262 722 9443
UPCAST OY, info@akarpat.com, http://www.upcast.com, +358 (0)207 577 400, +358 (0)207 577 401
Uygar Makina Sanayi ve Tic Ltd Sti, info@um.com.tr, http://www.um.com.tr/,  +90 258 371 6625,  +90 258 371 7437
Vietnam Electric Cable Corp. (CADIVI), thangnt@cadivi.vn, http://www.cadivi.vn/,  +84 8382 92971,  +84 8382 99437
Vinston US Corp, info@vinstonus.com, http://www.vinstonus.com/, +1 847 972 1098, +1 847 972 1098
Warbrick International Ltd, sales@warbrick.co.uk, http://www.warbrick.co.uk/, +44 1925 268 880, +44 1925 263 540
WCISA® Wire and Cable Industry Suppliers Association®, info@wcisaonline.org, http://www.wcisaonline.org/, +1 330 864 2122, +1 330 864 5298
Weber & Scher Mfg Co Inc, webscher@webscher.com, http://www.webscher.com/, +1 908 236 8484, +1 908 236 7001
Webster & Horsfall Limited, sales@websterandhorsfall.co.uk, http://www.websterandhorsfall.co.uk/, +44 121 772 9796, +44 121 766 5816
White & Street International Ltd, enquiries@whiteandstreet.com, http://www.whiteandstreet.com/, +44 1527 67881, +44 1527 69966
Whitelegg Machines Ltd, info@whitelegg.com, http://www.whitelegg.com/, +44 1293 526230, +44 1293 538910
Windak Group, infoAmericas@windakgroup.com, http://www.windakgroup.com/,  +1 828 322 2292,  +1 828 322 1716
Wintwire Ltd, sales@wintwire.co.uk, http://www.wintwire.co.uk/, +44 1226 763 081, +44 1226 767 164
Wire & Cable Technology International, mcnulty@wiretech.com., http://www.wiretech.com/, +1 330 864 2122, +1 330 864 5298
Wire & Plastic Machinery Corporation, info@wireandplastic.com%20, http://www.wireandplastic.com/, + 1 860 860 583 4646,  + 1 860 860 589 5707
Wire Association International Inc, mcnulty@wiretech.com., http://www.wirenet.org/, +1 203 453 2777, +1 203 453 8384
Wire Lab Company, info@wirekoerner.com, http://www.wirelab.com/,  +1 216 362 0800,  +1 216 433 0007
WOLCO Sp. z.o.o., info@wolco.pl, http://www.wolco.pl/, +48 817 476 933, +48 817 477 202
WTI Fasteners Ltd, sales@wti-fasteners.co.uk, http://www.wireinserts.com/,  +44 1530 416 888,  +44 1530 564 430
XL Technologies UK Ltd, xltekuk@aol.com, http://www.xltekuk.com/, +44 7831 835 936, +44 1457 766 856
Yangzhou Havet Machinery Co.Ltd., NaN, NaN, +86 514 87658305, +86 514 87658305
YTC America Inc., smaat@ytca.com, http://www.ytca.com/, +1-805-388-9920, +1-805-388-8046
Zephyr - One Ltd, abj@zephyr-one.com, http://www.zephyr-one.com/, +44 1428 681980, NaN
Zumbach Electronic AG, sales@zumbach.ch, http://www.zumbach.com/, +41 32 356 0400, +41 32 356 0430
